Gold_Glove_Count,MVP_Count,lahmanID,playerID,managerID,hofID,birthYear,birthMonth,birthDay,birthCountry,birthState,birthCity,deathYear,deathMonth,deathDay,deathCountry,deathState,deathCity,nameFirst,nameLast,nameNote,nameGiven,nameNick,weight,height,bats,throws,debut,finalGame,college,lahman40ID,lahman45ID,retroID,holtzID,bbrefID
3,1,1,aaronha01,,aaronha01h,1934,2,5,USA,AL,Mobile,NULL,NULL,NULL,NULL,NULL,NULL,Hank,Aaron,NULL,"Henry Louis","Hammer,Hammerin' Hank,Bad Henry",180,72.0,R,R,1954-04-13,1976-10-03,,aaronha01,aaronha01,aaroh101,aaronha01,aaronha01
1,1,465,bagweje01,,,1968,5,27,USA,MA,Boston,NULL,NULL,NULL,NULL,NULL,NULL,Jeff,Bagwell,NULL,"Jeffrey Robert",BagPipes,195,72.0,R,R,1991-04-08,2005-10-02,Hartford,bagweje01,bagweje01,bagwj001,bagweje01,bagweje01
1,2,571,bankser01,,bankser01h,1931,1,31,USA,TX,Dallas,NULL,NULL,NULL,NULL,NULL,NULL,Ernie,Banks,NULL,Ernest,"Mr. Cub",180,73.0,R,R,1953-09-17,1971-09-26,,bankser01,bankser01,banke101,bankser01,bankser01
10,2,912,benchjo01,,benchjo01h,1947,12,7,USA,OK,"Oklahoma City",NULL,NULL,NULL,NULL,NULL,NULL,Johnny,Bench,NULL,"Johnny Lee","Little General",208,73.0,R,R,1967-08-28,1983-09-29,,benchjo01,benchjo01,bencj101,benchjo01,benchjo01
8,7,1274,bondsba01,,,1964,7,24,USA,CA,Riverside,NULL,NULL,NULL,NULL,NULL,NULL,Barry,Bonds,NULL,"Barry Lamar",NULL,228,73.0,L,L,1986-05-30,2007-09-26,"Arizona State",bondsba01,bondsba01,bondb001,bondsba01,bondsba01
5,1,1411,boyerke01,boyerke01m,boyerke01h,1931,5,20,USA,MO,Liberty,1982,9,7,USA,MO,St.Louis,Ken,Boyer,NULL,"Kenton Lloyd",NULL,200,74.0,R,R,1955-04-12,1969-08-09,,boyerke01,boyerke01,boyek101,boyerke01,boyerke01
1,1,1532,brettge01,,brettge01h,1953,5,15,USA,WV,"Glen Dale",NULL,NULL,NULL,NULL,NULL,NULL,George,Brett,NULL,"George Howard",Mullet,200,72.0,L,R,1973-08-02,1993-10-03,"El Camino JC",brettge01,brettge01,bretg001,brettge01,brettge01
3,1,2035,caminke01,,caminke01h,1963,4,21,USA,CA,Hanford,2004,10,10,USA,NY,"New York",Ken,Caminiti,NULL,"Kenneth Gene",NULL,200,72.0,B,R,1987-07-16,2001-10-07,"San Jose State",caminke01,caminke01,camik001,caminke01,caminke01
12,1,2553,clemero01,,clemero01h,1934,8,18,P.R.,,Carolina,1972,12,31,"in a plane crash at sea",,NULL,Roberto,Clemente,NULL,"Roberto (Walker)","Arriba, Bob",175,71.0,R,R,1955-04-17,1972-10-03,,clemero01,clemero01,clemr101,clemero01,clemero01
8,1,3367,dawsoan01,,dawsoan01h,1954,7,10,USA,FL,Miami,NULL,NULL,NULL,NULL,NULL,NULL,Andre,Dawson,NULL,"Andre Nolan",Hawk,195,75.0,R,R,1976-09-11,1996-09-29,"Florida A&M",dawsoan01,dawsoan01,dawsa001,dawsoan01,dawsoan01
3,1,4653,foxne01,,foxne01h,1927,12,25,USA,PA,"St. Thomas",1975,12,1,USA,MD,Baltimore,Nellie,Fox,NULL,"Jacob Nelson",NULL,150,69.0,L,R,1947-06-08,1965-07-25,,foxne01,foxne01,fox-n101,foxne01,foxne01
4,1,4957,garvest01,,garvest01h,1948,12,22,USA,FL,Tampa,NULL,NULL,NULL,NULL,NULL,NULL,Steve,Garvey,NULL,"Steven Patrick",NULL,192,70.0,R,R,1969-09-01,1987-05-23,"Michigan State",garvest01,garvest01,garvs001,garvest01,garvest01
9,1,5066,gibsobo01,,gibsobo01h,1935,11,9,USA,NE,Omaha,NULL,NULL,NULL,NULL,NULL,NULL,Bob,Gibson,"born Pack Robert Gibson",Robert,"Hoot,Gibby",195,73.0,R,R,1959-04-15,1975-09-03,,gibsobo01,gibsobo01,gibsb101,gibsobo01,gibsobo01
10,1,5479,griffke02,,,1969,11,21,USA,PA,Donora,NULL,NULL,NULL,NULL,NULL,NULL,Ken,Griffey,NULL,"George Kenneth (Jr.)","Junior,Kid",205,75.0,L,L,1989-04-03,NULL,,griffke02,griffke02,grifk002,griffke02,griffke02
1,1,6125,henderi01,,henderi01h,1958,12,25,USA,IL,Chicago,NULL,NULL,NULL,NULL,NULL,NULL,Rickey,Henderson,NULL,"Rickey Nelson Henley","Man of Steal",195,70.0,R,L,1979-06-24,2003-09-19,,henderi01,henderi01,hendr001,henderi01,henderi01
11,1,6207,hernake01,,hernake01h,1953,10,20,USA,CA,"San Francisco",NULL,NULL,NULL,NULL,NULL,NULL,Keith,Hernandez,NULL,Keith,Mex,195,72.0,L,L,1974-08-30,1990-07-24,"San Mateo",hernake01,hernake01,hernk001,hernake01,hernake01
2,1,6602,howarel01,,howarel01h,1929,2,23,USA,MO,"St. Louis",1980,12,14,USA,NY,"New York",Elston,Howard,NULL,"Elston Gene",NULL,200,74.0,R,R,1955-04-14,1968-09-29,,howarel01,howarel01,howae101,howarel01,howarel01
1,1,6946,jenseja01,,jenseja01h,1927,3,9,USA,CA,"San Francisco",1982,7,14,USA,VA,Charlottesville,Jackie,Jensen,NULL,"Jack Eugene",NULL,190,71.0,R,R,1950-04-18,1961-10-01,,jenseja01,jenseja01,jensj101,jenseja01,jenseja01
3,1,7967,larkiba01,,,1964,4,28,USA,OH,Cincinnati,NULL,NULL,NULL,NULL,NULL,NULL,Barry,Larkin,NULL,"Barry Louis",NULL,190,72.0,R,R,1986-08-13,2004-10-03,,larkiba01,larkiba01,larkb001,larkiba01,larkiba01
4,1,8554,lynnfr01,,lynnfr01h,1952,2,3,USA,IL,Chicago,NULL,NULL,NULL,NULL,NULL,NULL,Fred,Lynn,NULL,"Fredric Michael",NULL,190,73.0,L,L,1974-09-05,1990-10-03,USC,lynnfr01,lynnfr01,lynnf001,lynnfr01,lynnfr01
1,3,8785,mantlmi01,,mantlmi01h,1931,10,20,USA,OK,Spavinaw,1995,8,13,USA,TX,Dallas,Mickey,Mantle,NULL,"Mickey Charles","The Mick,The Commerce Comet,Muscles",198,71.0,B,R,1951-04-17,1968-09-28,,mantlmi01,mantlmi01,mantm101,mantlmi01,mantlmi01
1,2,8814,marisro01,,marisro01h,1934,9,10,USA,MN,Hibbing,1985,12,14,USA,TX,Houston,Roger,Maris,"born Roger Eugene Maras","Roger Eugene",NULL,204,72.0,L,R,1957-04-16,1968-09-29,,marisro01,marisro01,marir101,marisro01,marisro01
9,1,8984,mattido01,,mattido01h,1961,4,20,USA,IN,Evansville,NULL,NULL,NULL,NULL,NULL,NULL,Don,Mattingly,NULL,"Donald Arthur","Donnie Baseball",175,72.0,L,L,1982-09-08,1995-10-01,,mattido01,mattido01,mattd001,mattido01,mattido01
2,1,17123,mauerjo01,,,1983,4,19,USA,MN,"St. Paul",NULL,NULL,NULL,NULL,NULL,NULL,Joe,Mauer,NULL,"Joseph Patrick",NULL,220,77.0,L,R,2004-04-05,NULL,None,,,mauej001,,mauerjo01
12,2,9039,mayswi01,,mayswi01h,1931,5,6,USA,AL,Westfield,NULL,NULL,NULL,NULL,NULL,NULL,Willie,Mays,NULL,"Willie Howard (Jr.)","Say Hey",180,71.0,R,R,1951-05-25,1973-09-09,,mayswi01,mayswi01,maysw101,mayswi01,mayswi01
3,1,9247,mcgeewi01,,mcgeewi01h,1958,11,2,USA,CA,"San Francisco",NULL,NULL,NULL,NULL,NULL,NULL,Willie,McGee,NULL,"Willie Dean",NULL,175,73.0,B,R,1982-05-10,1999-10-03,"Diablo Valley",mcgeewi01,mcgeewi01,mcgew001,mcgeewi01,mcgeewi01
5,2,9973,morgajo02,,morgajo02h,1943,9,19,USA,TX,Bonham,NULL,NULL,NULL,NULL,NULL,NULL,Joe,Morgan,NULL,"Joe Leonard",NULL,160,67.0,L,R,1963-09-21,1984-09-30,,morgajo02,morgajo02,morgj001,morgajo02,morgajo02
3,1,10142,munsoth01,,munsoth01h,1947,6,7,USA,OH,Akron,1979,8,2,USA,OH,Canton,Thurman,Munson,NULL,"Thurman Lee","Tugboat,Squatty Body,The Wall",191,71.0,R,R,1969-08-08,1979-08-01,,munsoth01,munsoth01,munst101,munsoth01,munsoth01
5,2,10159,murphda05,,murphda05h,1956,3,12,USA,OR,Portland,NULL,NULL,NULL,NULL,NULL,NULL,Dale,Murphy,NULL,"Dale Bryan","The Murph",215,77.0,R,R,1976-09-13,1993-05-21,"Brigham Young",murphda05,murphda05,murpd001,murphda05,murphda05
3,1,10879,parkeda01,,parkeda01h,1951,6,9,USA,MS,Calhoun,NULL,NULL,NULL,NULL,NULL,NULL,Dave,Parker,NULL,"David Gene",Cobra,230,77.0,L,R,1973-07-12,1991-10-02,,parkeda01,parkeda01,parkd001,parkeda01,parkeda01
1,1,17856,pedrodu01,,,1983,8,17,USA,CA,Woodland,NULL,NULL,NULL,NULL,NULL,NULL,Dustin,Pedroia,NULL,"Dustin Luis",NULL,180,69.0,R,R,2006-08-22,NULL,"Arizona State",NULL,NULL,pedrd001,NULL,pedrodu01
3,1,11048,pendlte01,,pendlte01h,1960,7,16,USA,CA,"Los Angeles",NULL,NULL,NULL,NULL,NULL,NULL,Terry,Pendleton,NULL,"Terry Lee",NULL,180,69.0,B,R,1984-07-18,1998-09-25,"Fresno State",pendlte01,pendlte01,pendt001,pendlte01,pendlte01
1,3,11504,pujolal01,,,1980,1,16,D.R.,,"Santo Domingo",NULL,NULL,NULL,NULL,NULL,NULL,Albert,Pujols,NULL,"Jose Alberto","Prince Albert,Phat Albert, The Machine, El Hombre",210,75.0,R,R,2001-04-02,NULL,"Maple Woods CC",pujolal01,pujolal01,pujoa001,pujolal01,pujolal01
2,2,11968,ripkeca01,,ripkeca01h,1960,8,24,USA,MD,"Havre De Grace",NULL,NULL,NULL,NULL,NULL,NULL,Cal,Ripken,NULL,"Calvin Edwin (Jr.)","Iron Man",225,76.0,R,R,1981-08-10,2001-10-06,,ripkeca01,ripkeca01,ripkc001,ripkeca01,ripkeca01
16,1,12058,robinbr01,,robinbr01h,1937,5,18,USA,AR,"Little Rock",NULL,NULL,NULL,NULL,NULL,NULL,Brooks,Robinson,NULL,"Brooks Calbert (Jr.)","Vacuum Cleaner",190,73.0,R,R,1955-09-17,1977-08-13,,robinbr01,robinbr01,robib104,robinbr01,robinbr01
1,2,12068,robinfr02,robinfr02m,robinfr02h,1935,8,31,USA,TX,Beaumont,NULL,NULL,NULL,NULL,NULL,NULL,Frank,Robinson,NULL,Frank,NULL,195,73.0,R,R,1956-04-17,1976-09-18,,robinfr02,robinfr02,robif103,robinfr02,robinfr02
2,3,12106,rodrial01,,,1975,7,27,USA,NY,"New York",NULL,NULL,NULL,NULL,NULL,NULL,Alex,Rodriguez,NULL,"Alexander Emmanuel",A-Rod,190,75.0,R,R,1994-07-08,NULL,,rodrial01,rodrial01,rodra001,rodrial01,rodrial01
13,1,12117,rodriiv01,,,1971,11,27,P.R.,NULL,Manati,NULL,NULL,NULL,NULL,NULL,NULL,Ivan,Rodriguez,NULL,"Ivan (Torres)","Pudge,I-Rod",205,69.0,R,R,1991-06-20,NULL,,rodriiv01,rodriiv01,rodri001,rodriiv01,rodriiv01
3,1,12177,rolliji01,,,1978,11,27,USA,CA,Oakland,NULL,NULL,NULL,NULL,NULL,NULL,Jimmy,Rollins,NULL,NULL,J-Roll,160,68.0,B,R,2000-09-17,NULL,,rolliji01,rolliji01,rollj001,rolliji01,rolliji01
2,1,12223,rosepe01,rosepe01m,rosepe01h,1941,4,14,USA,OH,Cincinnati,NULL,NULL,NULL,NULL,NULL,NULL,Pete,Rose,NULL,"Peter Edward (Sr.)","Charlie Hustle",200,71.0,B,R,1963-04-08,1986-08-17,,rosepe01,rosepe01,rosep001,rosepe01,rosepe01
9,1,12447,sandbry01,,sandbry01h,1959,9,18,USA,WA,Spokane,NULL,NULL,NULL,NULL,NULL,NULL,Ryne,Sandberg,NULL,"Ryne Dee",Ryno,180,74.0,R,R,1981-09-02,1997-09-28,,sandbry01,sandbry01,sandr001,sandbry01,sandbry01
10,3,12634,schmimi01,,schmimi01h,1949,9,27,USA,OH,Dayton,NULL,NULL,NULL,NULL,NULL,NULL,Mike,Schmidt,NULL,"Michael Jack",NULL,203,74.0,R,R,1972-09-12,1989-05-28,Ohio,schmimi01,schmimi01,schmm001,schmimi01,schmimi01
8,1,12868,shantbo01,,shantbo01h,1925,9,26,USA,PA,Pottstown,NULL,NULL,NULL,NULL,NULL,NULL,Bobby,Shantz,NULL,"Robert Clayton",NULL,142,66.0,R,L,1949-05-01,1964-09-29,,shantbo01,shantbo01,shanb102,shantbo01,shantbo01
9,1,13875,suzukic01,,,1973,10,22,Japan,,Kasugai,NULL,NULL,NULL,NULL,NULL,NULL,Ichiro,Suzuki,NULL,NULL,NULL,160,69.0,L,R,2001-04-02,NULL,,suzukic01,suzukic01,suzui001,suzukic01,suzukic01
1,1,14286,torrejo01,torrejo01m,torrejo01h,1940,7,18,USA,NY,Brooklyn,NULL,NULL,NULL,NULL,NULL,NULL,Joe,Torre,NULL,"Joseph Paul",NULL,212,74.0,R,R,1960-09-25,1977-06-17,,torrejo01,torrejo01,torrj101,torrejo01,torrejo01
2,1,14611,versazo01,,,1939,12,18,Cuba,NULL,Veldado,1995,6,9,USA,MN,Bloomington,Zoilo,Versalles,NULL,"Zoilo Casanova (Rodriguez)",Zorro,150,70.0,R,R,1959-08-01,1971-09-28,,versazo01,versazo01,versz101,versazo01,versazo01
7,1,14736,walkela01,,,1966,12,1,CAN,BC,"Maple Ridge",NULL,NULL,NULL,NULL,NULL,NULL,Larry,Walker,NULL,"Larry Kenneth Robert",NULL,215,75.0,L,R,1989-08-16,2005-10-02,,walkela01,walkela01,walkl001,walkela01,walkela01
2,1,15305,willsma01,willsma01m,willsma01h,1932,10,2,USA,DC,Washington,NULL,NULL,NULL,NULL,NULL,NULL,Maury,Wills,NULL,"Maurice Morning",NULL,170,71.0,B,R,1959-06-06,1972-10-04,,willsma01,willsma01,willm102,willsma01,willsma01
7,1,15607,yastrca01,,yastrca01h,1939,8,22,USA,NY,Southampton,NULL,NULL,NULL,NULL,NULL,NULL,Carl,Yastrzemski,NULL,"Carl Michael",Yaz,182,71.0,L,R,1961-04-11,1983-10-02,,yastrca01,yastrca01,yastc101,yastrca01,yastrca01
1,2,15684,yountro01,,yountro01h,1955,9,16,USA,IL,Danville,NULL,NULL,NULL,NULL,NULL,NULL,Robin,Yount,NULL,"Robin R",NULL,170,72.0,R,R,1974-04-05,1993-10-03,,yountro01,yountro01,younr001,yountro01,yountro01
